"appTitle","summary","installs","minInstalls","score","ratings","reviews","free","offersIAP","size","androidVersionText","developerId","genreId","familyGenreId","contentRating","adSupported","released","updated","version","recentChanges","appId","url"
"Netflix","Netflix is the leading subscription service for watching TV episodes and movies.","500,000,000+",500000000,4.4484053,6351580,1983938,true,true,"Varies with device","Varies with device","Netflix,+Inc.","ENTERTAINMENT",,"Teen",false,"May 5, 2011",1553225449000,"Varies with device","Want a fun, easy way to find something to watch? We&#39;ve got you. Mobile Previews let you swipe or tap through quick videos of our series and movies to find your new fave even faster.","com.netflix.mediaclient","https://play.google.com/store/apps/details?id=com.netflix.mediaclient&hl=en&gl=us""appTitle","summary","installs","minInstalls","score","ratings","reviews","free","offersIAP","size","androidVersionText","developerId","genreId","familyGenreId","contentRating","adSupported","released","updated","version","recentChanges","appId","url"
"Pixel Art: Color by Number, Pixel Color(Pixel Pop)","Color by number, relax with a FREE coloring book. ü¶ÑJoin Pixel Color WorldÔºÅ","5,000,000+",5000000,4.5895433,14976,8750,true,true,"11M","4.3 and up","Magic+Arts","ENTERTAINMENT",,"Everyone",true,"Jul 5, 2018",1553155594000,"1.5.38","Thank you for choosing Pixel Coloring Book Game as your coloring bookÔºÅ<br>In this version we have improved program stability and reduced crashes.<br>We&#39;re continuously improving to keep your gameplay fluent and fun.","com.bongolight.pixelcoloring","https://play.google.com/store/apps/details?id=com.bongolight.pixelcoloring&hl=en&gl=us""appTitle","summary","installs","minInstalls","score","ratings","reviews","free","offersIAP","size","androidVersionText","developerId","genreId","familyGenreId","contentRating","adSupported","released","updated","version","recentChanges","appId","url"
"Google Play Games","Play great games, and earn achievements and high scores.","1,000,000,000+",1000000000,4.3037705,8856669,2051912,true,false,"Varies with device","Varies with device","5700313618786177705","ENTERTAINMENT",,"Teen",false,"Jul 24, 2013",1552498780000,"Varies with device","2019.02 <br>- When you enter something in the search box, you‚Äôll find filters to narrow down the results. Free kung fu arcade games? Boom. <br>- Wish you could just focus on Brawl Stars in the Hub? Now, you‚Äôll find all the game&#39;s activity right on the detail page. <br>- Head over to the Arcade and try out the new Blind-friendly filter. These games rely on built-in audio cues and work great with TalkBack.","com.google.android.play.games","https://play.google.com/store/apps/details?id=com.google.android.play.games&hl=en&gl=us""appTitle","summary","installs","minInstalls","score","ratings","reviews","free","offersIAP","size","androidVersionText","developerId","genreId","familyGenreId","contentRating","adSupported","released","updated","version","recentChanges","appId","url"
"Hulu: Stream TV, Movies & more","Hulu: Get exclusive seasons, movies, Originals, and more - now offering Live TV","10,000,000+",10000000,4.0196133,345785,106020,true,false,"Varies with device","5.0 and up","Hulu","ENTERTAINMENT",,"Teen",true,"Jun 22, 2011",1553068827000,"Varies with device","March is almost over which can only mean one thing ‚Äì‚Äì spring cleaning! We rolled up our sleeves and took care of some bug-squashing and polishing work for a seamless streaming experience. Get this latest version of our app and continue enjoying your Hulu favorites.","com.hulu.plus","https://play.google.com/store/apps/details?id=com.hulu.plus&hl=en&gl=us""appTitle","summary","installs","minInstalls","score","ratings","reviews","free","offersIAP","size","androidVersionText","developerId","genreId","familyGenreId","contentRating","adSupported","released","updated","version","recentChanges","appId","url"
"Bitmoji ‚Äì Your Personal Emoji","Bitmoji is your personal emoji. Use it in Snapchat and wherever else you chat!","100,000,000+",100000000,4.625942,2780016,1012348,true,true,"Varies with device","Varies with device","Bitstrips","ENTERTAINMENT",,"Teen",false,"Oct 28, 2014",1553102778000,"Varies with device","Bug fixes and performance improvements.","com.bitstrips.imoji","https://play.google.com/store/apps/details?id=com.bitstrips.imoji&hl=en&gl=us""appTitle","summary","installs","minInstalls","score","ratings","reviews","free","offersIAP","size","androidVersionText","developerId","genreId","familyGenreId","contentRating","adSupported","released","updated","version","recentChanges","appId","url"
"Amazon Prime Video","Watch TV shows and movies including award-winning Amazon exclusives.","100,000,000+",100000000,4.307019,748888,242572,true,true,"Varies with device","4.1 and up","Amazon+Mobile+LLC","ENTERTAINMENT",,"Teen",true,"Aug 28, 2017",1552505793000,"Varies with device","Enjoy Amazon Prime Video in over 200 countries and territories around the globe! <br>Download movies and TV shows using Wi-Fi or cellular networks.","com.amazon.avod.thirdpartyclient","https://play.google.com/store/apps/details?id=com.amazon.avod.thirdpartyclient&hl=en&gl=us""appTitle","summary","installs","minInstalls","score","ratings","reviews","free","offersIAP","size","androidVersionText","developerId","genreId","familyGenreId","contentRating","adSupported","released","updated","version","recentChanges","appId","url"
"Pluto TV - It‚Äôs Free TV","Watch Free TV! 100+ channels and 1000‚Äôs of Movies and TV Shows Free!","5,000,000+",5000000,4.387778,66208,24497,true,false,"Varies with device","Varies with device","Pluto,+Inc.","ENTERTAINMENT",,"Teen",true,"Mar 31, 2014",1553215673000,"Varies with device","- Want to easily find that channel you love? Try using our new Guide on Mobile devices. It has a brand new filter and the option to favorite the channels you prefer.<br>- Fall asleep when watching an On Demand content? Don&#39;t worry, now you can use our new On Demand Scrubber to find the correct position you were watching.<br>- Oreo user? Now you can watch your favorite Pluto content using Android Oreo Picture in Picture mode.","tv.pluto.android","https://play.google.com/store/apps/details?id=tv.pluto.android&hl=en&gl=us""appTitle","summary","installs","minInstalls","score","ratings","reviews","free","offersIAP","size","androidVersionText","developerId","genreId","familyGenreId","contentRating","adSupported","released","updated","version","recentChanges","appId","url"
"STARZ","Obsessable Original Series. Hit movies. Full downloads.","10,000,000+",10000000,4.296056,105416,35358,true,true,"Varies with device","5.0 and up","Starz+Entertainment,+LLC","ENTERTAINMENT",,"Mature 17+",false,"May 6, 2013",1552404990000,"Varies with device","We are constantly updating our app for better reliability and performance.  <br>We are always happy to hear from you.  If you have any issues with the app, please send us feedback.","com.bydeluxe.d3.android.program.starz","https://play.google.com/store/apps/details?id=com.bydeluxe.d3.android.program.starz&hl=en&gl=us""appTitle","summary","installs","minInstalls","score","ratings","reviews","free","offersIAP","size","androidVersionText","developerId","genreId","familyGenreId","contentRating","adSupported","released","updated","version","recentChanges","appId","url"
"Tubi - Free Movies & TV Shows","Stream Movies &amp; TV Shows in Holiday, Anime, Horror, Reality &amp; More!","10,000,000+",10000000,4.3727546,461859,193417,true,false,"14M","4.1 and up","9005207387328486775","ENTERTAINMENT",,"Teen",true,"Sep 19, 2014",1552073609000,"2.18.1",,"com.tubitv","https://play.google.com/store/apps/details?id=com.tubitv&hl=en&gl=us""appTitle","summary","installs","minInstalls","score","ratings","reviews","free","offersIAP","size","androidVersionText","developerId","genreId","familyGenreId","contentRating","adSupported","released","updated","version","recentChanges","appId","url"
"Roku","Turn your Android Device into a control center for your Roku Player and Roku TV","10,000,000+",10000000,4.5237126,292985,99632,true,false,"Varies with device","Varies with device","Roku+Inc.","ENTERTAINMENT",,"Teen",false,"Mar 2, 2012",1553218061000,"Varies with device","Fix for bug in voice search","com.roku.remote","https://play.google.com/store/apps/details?id=com.roku.remote&hl=en&gl=us"